{"train_loss":0.044625649333841375,"_timestamp":1.7708833390194118e+09,"test_mae":0.17857142857142858,"test_acc":0.8705357142857143,"valid_loss":0.8016092308929988,"test_f_score":0.8708235575251999,"best_test_f1":0.915115182290258,"avg_test_auc":0.9238558624940988,"_runtime":233,"test_corr":0.7571080839173973,"_step":101,"avg_test_f1":0.8341884427182675,"_wandb":{"runtime":233},"best_valid_loss":0.40558838631425587,"best_test_auc":0.9713480140530262}